{
  "summary_by_label": {
    "balanced_baseline": {
      "label": "balanced_baseline",
      "mode": "baseline",
      "backend": "trt",
      "workload": "workloads/balanced_moe.jsonl",
      "num_requests": 12,
      "num_batches": 3,
      "avg_requests_per_batch": 4.0,
      "avg_batch_ms": 1608.3468376666683,
      "step_latency_std_ms": 230.67786416653274,
      "step_latency_var_ms2": 53212.277016433334,
      "total_batch_wall_s": 4.825040513000005,
      "total_output_tokens": 1344,
      "throughput_tok_s": 278.5468839855104,
      "ttft_p50_s": 0.012824499999993577,
      "ttft_p90_s": 0.08162119999998367,
      "ttft_p99_s": 0.39492158000001176,
      "e2e_p50_s": 1.3010194999999953,
      "e2e_p90_s": 1.4877601999999968,
      "e2e_p99_s": 1.5894251500000167,
      "tpot_p50_s": 0.011273387956377487,
      "tpot_p90_s": 0.011534018985300846,
      "tpot_p99_s": 0.012211467473684219,
      "queue_p50_s": 2.3999999996249244e-05,
      "queue_p90_s": 0.00021200000000192175,
      "queue_p99_s": 0.0003838800000008292
    },
    "balanced_patched": {
      "label": "balanced_patched",
      "mode": "patched",
      "backend": "trt",
      "workload": "workloads/balanced_moe.jsonl",
      "num_requests": 12,
      "num_batches": 3,
      "avg_requests_per_batch": 4.0,
      "avg_batch_ms": 1591.6638740000053,
      "step_latency_std_ms": 183.85262152570985,
      "step_latency_var_ms2": 33801.786441875905,
      "total_batch_wall_s": 4.774991622000016,
      "total_output_tokens": 1344,
      "throughput_tok_s": 281.4664624347681,
      "ttft_p50_s": 0.012466999999986683,
      "ttft_p90_s": 0.07390030000000536,
      "ttft_p99_s": 0.33539368000000896,
      "e2e_p50_s": 1.3005204999999904,
      "e2e_p90_s": 1.4748174999999974,
      "e2e_p99_s": 1.514865050000021,
      "tpot_p50_s": 0.01139173315375049,
      "tpot_p90_s": 0.011462612811759035,
      "tpot_p99_s": 0.012052432526315921,
      "queue_p50_s": 2.7500000015834303e-05,
      "queue_p90_s": 0.00020469999999477294,
      "queue_p99_s": 0.00021212000000133457
    },
    "hot_expert_baseline": {
      "label": "hot_expert_baseline",
      "mode": "baseline",
      "backend": "trt",
      "workload": "workloads/hot_expert.jsonl",
      "num_requests": 12,
      "num_batches": 3,
      "avg_requests_per_batch": 4.0,
      "avg_batch_ms": 1939.1992283333366,
      "step_latency_std_ms": 212.77212807140805,
      "step_latency_var_ms2": 45271.978484035666,
      "total_batch_wall_s": 5.81759768500001,
      "total_output_tokens": 1728,
      "throughput_tok_s": 297.02982116749746,
      "ttft_p50_s": 0.01246549999999047,
      "ttft_p90_s": 0.07477030000000014,
      "ttft_p99_s": 0.33418998000000033,
      "e2e_p50_s": 1.7628135000000071,
      "e2e_p90_s": 1.866777299999984,
      "e2e_p99_s": 1.8972418099999917,
      "tpot_p50_s": 0.01127457599168031,
      "tpot_p90_s": 0.011565675590551144,
      "tpot_p99_s": 0.012029167007873959,
      "queue_p50_s": 2.5500000006672963e-05,
      "queue_p90_s": 0.00019880000000682685,
      "queue_p99_s": 0.0002061199999911878
    },
    "hot_expert_patched": {
      "label": "hot_expert_patched",
      "mode": "patched",
      "backend": "trt",
      "workload": "workloads/hot_expert.jsonl",
      "num_requests": 12,
      "num_batches": 12,
      "avg_requests_per_batch": 1.0,
      "avg_batch_ms": 1446.182125666662,
      "step_latency_std_ms": 166.67706833361382,
      "step_latency_var_ms2": 27781.245108288174,
      "total_batch_wall_s": 17.354185507999944,
      "total_output_tokens": 1728,
      "throughput_tok_s": 99.57252094622507,
      "ttft_p50_s": 0.01024900000001594,
      "ttft_p90_s": 0.01122110000000589,
      "ttft_p99_s": 0.34331588999997015,
      "e2e_p50_s": 1.5569659999999885,
      "e2e_p90_s": 1.5741206000000147,
      "e2e_p99_s": 1.666328760000012,
      "tpot_p50_s": 0.009767132372604332,
      "tpot_p90_s": 0.009835970331302938,
      "tpot_p99_s": 0.010145439147229564,
      "queue_p50_s": 2.8999999983625457e-05,
      "queue_p90_s": 3.6599999970121647e-05,
      "queue_p99_s": 6.725999998820955e-05
    },
    "hot_rank_baseline": {
      "label": "hot_rank_baseline",
      "mode": "baseline",
      "backend": "trt",
      "workload": "workloads/hot_rank.jsonl",
      "num_requests": 12,
      "num_batches": 3,
      "avg_requests_per_batch": 4.0,
      "avg_batch_ms": 2192.9181799999924,
      "step_latency_std_ms": 298.7334429357472,
      "step_latency_var_ms2": 89241.66992824533,
      "total_batch_wall_s": 6.578754539999977,
      "total_output_tokens": 1824,
      "throughput_tok_s": 277.2561263548839,
      "ttft_p50_s": 0.011980499999992844,
      "ttft_p90_s": 0.07370210000002544,
      "ttft_p99_s": 0.5502819799999745,
      "e2e_p50_s": 1.789823499999983,
      "e2e_p90_s": 1.9941727999999899,
      "e2e_p99_s": 2.1075898900000123,
      "tpot_p50_s": 0.011235743677705811,
      "tpot_p90_s": 0.011514759055118146,
      "tpot_p99_s": 0.011862626614173562,
      "queue_p50_s": 2.3999999996249244e-05,
      "queue_p90_s": 3.820000001155677e-05,
      "queue_p99_s": 5.3239999979268765e-05
    },
    "hot_rank_patched": {
      "label": "hot_rank_patched",
      "mode": "patched",
      "backend": "trt",
      "workload": "workloads/hot_rank.jsonl",
      "num_requests": 12,
      "num_batches": 12,
      "avg_requests_per_batch": 1.0,
      "avg_batch_ms": 1529.5604284166682,
      "step_latency_std_ms": 170.7574047987128,
      "step_latency_var_ms2": 29158.091293591468,
      "total_batch_wall_s": 18.354725141000017,
      "total_output_tokens": 1824,
      "throughput_tok_s": 99.37495582135551,
      "ttft_p50_s": 0.010440499999987196,
      "ttft_p90_s": 0.013059500000008484,
      "ttft_p99_s": 0.34079864000003984,
      "e2e_p50_s": 1.5580114999999921,
      "e2e_p90_s": 1.7114924000000429,
      "e2e_p99_s": 1.7622718499999854,
      "tpot_p50_s": 0.009762665347231313,
      "tpot_p90_s": 0.010029264319460007,
      "tpot_p99_s": 0.01031000835995495,
      "queue_p50_s": 2.8499999984887836e-05,
      "queue_p90_s": 3.4600000020645894e-05,
      "queue_p99_s": 3.9450000014085165e-05
    },
    "hot_expert_full24_baseline": {
      "label": "hot_expert_full24_baseline",
      "mode": "baseline",
      "backend": "trt",
      "workload": "workloads/full/hot_expert.jsonl",
      "num_requests": 24,
      "num_batches": 6,
      "avg_requests_per_batch": 4.0,
      "avg_batch_ms": 1855.4314663333382,
      "step_latency_std_ms": 158.6932035715558,
      "step_latency_var_ms2": 25183.53285980325,
      "total_batch_wall_s": 11.13258879800003,
      "total_output_tokens": 3456,
      "throughput_tok_s": 310.4399221698434,
      "ttft_p50_s": 0.012622999999962303,
      "ttft_p90_s": 0.07328869999998915,
      "ttft_p99_s": 0.2808004500000054,
      "e2e_p50_s": 1.7572799999999802,
      "e2e_p90_s": 1.8348206999999832,
      "e2e_p99_s": 1.8709563500000053,
      "tpot_p50_s": 0.011253790125290921,
      "tpot_p90_s": 0.011416342519685008,
      "tpot_p99_s": 0.011945159212598377,
      "queue_p50_s": 2.3999999996249244e-05,
      "queue_p90_s": 0.00015220000000795142,
      "queue_p99_s": 0.0002101600000247572
    },
    "hot_expert_full24_patched": {
      "label": "hot_expert_full24_patched",
      "mode": "patched",
      "backend": "trt",
      "workload": "workloads/full/hot_expert.jsonl",
      "num_requests": 24,
      "num_batches": 24,
      "avg_requests_per_batch": 1.0,
      "avg_batch_ms": 1442.6775034166753,
      "step_latency_std_ms": 157.3502180600804,
      "step_latency_var_ms2": 24759.091123554852,
      "total_batch_wall_s": 34.624260082000205,
      "total_output_tokens": 3456,
      "throughput_tok_s": 99.81440734950576,
      "ttft_p50_s": 0.010144000000025244,
      "ttft_p90_s": 0.01109870000002502,
      "ttft_p99_s": 0.26970770999995336,
      "e2e_p50_s": 1.5586294999999382,
      "e2e_p90_s": 1.5983396999999855,
      "e2e_p99_s": 1.6502395899999862,